{
  "display": {
    "description": {
      "text": "Has obtenido Yellow banner.",
      "color": "yellow"
    },
    "title": {
      "text": " Yellow banner ",
      "color": "white"
    },
    "icon": {
      "item": "minecraft:yellow_banner"
    },
      "frame": "goal",
      "show_toast": true,
      "announce_to_chat": true,
      "hidden": false
  },
  "criteria": {
    "stone": {
      "trigger": "minecraft:inventory_changed",
      "conditions": {
        "items": [
          {
            "item": "minecraft:yellow_banner"
          }
        ]
      }
    }
  },
  "rewards": {
    "function": "function:decoracion/yellow_banner"
  },
  "parent": "fullitem:decoracion/root"
}