{
  "display": {
    "description": {
      "text": "Has obtenido Mushroom stew.",
      "color": "yellow"
    },
    "title": {
      "text": " Mushroom stew ",
      "color": "white"
    },
    "icon": {
      "item": "minecraft:mushroom_stew"
    },
      "frame": "goal",
      "show_toast": true,
      "announce_to_chat": true,
      "hidden": false
  },
  "criteria": {
    "stone": {
      "trigger": "minecraft:inventory_changed",
      "conditions": {
        "items": [
          {
            "item": "minecraft:mushroom_stew"
          }
        ]
      }
    }
  },
  "rewards": {
    "function": "function:alimentacion/mushroom_stew"
  },
  "parent": "fullitem:alimentacion/root"
}