{
  "display": {
    "description": {
      "text": "Has obtenido Poisonous potato.",
      "color": "yellow"
    },
    "title": {
      "text": " Poisonous potato ",
      "color": "white"
    },
    "icon": {
      "item": "minecraft:poisonous_potato"
    },
      "frame": "goal",
      "show_toast": true,
      "announce_to_chat": true,
      "hidden": false
  },
  "criteria": {
    "stone": {
      "trigger": "minecraft:inventory_changed",
      "conditions": {
        "items": [
          {
            "item": "minecraft:poisonous_potato"
          }
        ]
      }
    }
  },
  "rewards": {
    "function": "function:alimentacion/poisonous_potato"
  },
  "parent": "fullitem:alimentacion/root"
}