{
    "display": {
        "icon": {
            "item": "minecraft:bricks"
        },
        "title": {"translate":"Construccion"},
        "description": {"translate":"Obten todos los bloques de construcci�n"},
        "background": "minecraft:textures/block/dead_tube_coral_block.png",
        "show_toast": false,
        "announce_to_chat": false
    },
	"rewards": {
		"function": "function:construccion/root"
    },		
       "criteria": {
        "item": {
            "trigger": "minecraft:inventory_changed",
            "conditions": {
            }
        }
    }
}